Sample_Index,Timestamp,ISO_Time,Elapsed_Seconds,Food_Type,Condition_Label,Temperature_C,Humidity_Pct,Pressure_hPa,VOC_Raw_Ticks,NOx_Raw_Ticks,VOC_Index,NOx_Index

2,2026-09-19 20:51:49,2026-09-19T20:51:49.652892,0.1,tomato,FRESH,29.62,78.42,950.29,31273,20347,0,0
3,2026-09-19 20:51:50,2026-09-19T20:51:50.708118,1.1,tomato,FRESH,29.63,78.43,950.31,31285,20319,0,0
4,2026-09-19 20:51:51,2026-09-19T20:51:51.763164,2.2,tomato,FRESH,29.63,78.44,950.30,31302,20284,0,0
5,2026-09-19 20:51:52,2026-09-19T20:51:52.817498,3.2,tomato,FRESH,29.64,78.44,950.29,31305,20252,0,0
6,2026-09-19 20:51:53,2026-09-19T20:51:53.872821,4.3,tomato,FRESH,29.65,78.45,950.30,31316,20226,0,0
7,2026-09-19 20:51:54,2026-09-19T20:51:54.927614,5.3,tomato,FRESH,29.65,78.45,950.30,31323,20198,0,0
8,2026-09-19 20:51:55,2026-09-19T20:51:55.983023,6.4,tomato,FRESH,29.65,78.42,950.33,31333,20163,0,0
9,2026-09-19 20:51:57,2026-09-19T20:51:57.038661,7.5,tomato,FRESH,29.66,78.39,950.29,31327,20128,0,0
10,2026-09-19 20:51:58,2026-09-19T20:51:58.092510,8.5,tomato,FRESH,29.66,78.36,950.28,31329,20108,0,0
11,2026-09-19 20:51:59,2026-09-19T20:51:59.147639,9.6,tomato,FRESH,29.67,78.30,950.31,31338,20072,0,0
12,2026-09-19 20:52:00,2026-09-19T20:52:00.203141,10.6,tomato,FRESH,29.67,78.25,950.31,31339,20046,0,0
13,2026-09-19 20:52:01,2026-09-19T20:52:01.258085,11.7,tomato,FRESH,29.67,78.21,950.28,31342,20025,0,0
14,2026-09-19 20:52:02,2026-09-19T20:52:02.313119,12.7,tomato,FRESH,29.68,78.16,950.30,31353,19990,0,0
15,2026-09-19 20:52:03,2026-09-19T20:52:03.367618,13.8,tomato,FRESH,29.68,78.15,950.30,31358,19970,0,0
16,2026-09-19 20:52:04,2026-09-19T20:52:04.422546,14.8,tomato,FRESH,29.68,78.14,950.29,31362,19941,0,0
17,2026-09-19 20:52:05,2026-09-19T20:52:05.477679,15.9,tomato,FRESH,29.69,78.14,950.28,31369,19925,0,0
18,2026-09-19 20:52:06,2026-09-19T20:52:06.532813,16.9,tomato,FRESH,29.69,78.13,950.28,31369,19889,0,0
19,2026-09-19 20:52:07,2026-09-19T20:52:07.587672,18.0,tomato,FRESH,29.70,78.09,950.30,31370,19866,1,0
20,2026-09-19 20:52:08,2026-09-19T20:52:08.642716,19.1,tomato,FRESH,29.70,78.07,950.30,31377,19846,1,0
21,2026-09-19 20:52:09,2026-09-19T20:52:09.698237,20.1,tomato,FRESH,29.70,78.05,950.28,31381,19824,1,0
22,2026-09-19 20:52:10,2026-09-19T20:52:10.753281,21.2,tomato,FRESH,29.70,78.03,950.28,31383,19800,3,0
23,2026-09-19 20:52:11,2026-09-19T20:52:11.808316,22.2,tomato,FRESH,29.71,78.01,950.28,31381,19773,5,0
24,2026-09-19 20:52:12,2026-09-19T20:52:12.863255,23.3,tomato,FRESH,29.70,77.97,950.25,31385,19758,8,0
25,2026-09-19 20:52:13,2026-09-19T20:52:13.918328,24.3,tomato,FRESH,29.71,77.96,950.27,31401,19737,11,0
26,2026-09-19 20:52:14,2026-09-19T20:52:14.973184,25.4,tomato,FRESH,29.71,77.92,950.27,31380,19716,15,0
27,2026-09-19 20:52:16,2026-09-19T20:52:16.028115,26.4,tomato,FRESH,29.72,77.89,950.29,31389,19697,18,0
28,2026-09-19 20:52:17,2026-09-19T20:52:17.082846,27.5,tomato,FRESH,29.72,77.88,950.30,31394,19673,22,0
29,2026-09-19 20:52:18,2026-09-19T20:52:18.138079,28.6,tomato,FRESH,29.72,77.86,950.27,31388,19656,25,1
30,2026-09-19 20:52:19,2026-09-19T20:52:19.192893,29.6,tomato,FRESH,29.72,77.85,950.26,31400,19634,28,1
31,2026-09-19 20:52:20,2026-09-19T20:52:20.247888,30.7,tomato,FRESH,29.73,77.82,950.28,31410,19629,31,1
32,2026-09-19 20:52:21,2026-09-19T20:52:21.303087,31.7,tomato,FRESH,29.73,77.82,950.27,31396,19603,34,1
33,2026-09-19 20:52:22,2026-09-19T20:52:22.357944,32.8,tomato,FRESH,29.73,77.80,950.30,31402,19580,37,1
34,2026-09-19 20:52:23,2026-09-19T20:52:23.413114,33.8,tomato,FRESH,29.73,77.79,950.30,31407,19562,39,1
35,2026-09-19 20:52:24,2026-09-19T20:52:24.468035,34.9,tomato,FRESH,29.74,77.79,950.27,31410,19552,41,1
36,2026-09-19 20:52:25,2026-09-19T20:52:25.522676,35.9,tomato,FRESH,29.74,77.78,950.30,31405,19530,44,1
37,2026-09-19 20:52:26,2026-09-19T20:52:26.577502,37.0,tomato,FRESH,29.74,77.77,950.31,31402,19516,46,1
38,2026-09-19 20:52:27,2026-09-19T20:52:27.632655,38.0,tomato,FRESH,29.74,77.75,950.28,31403,19497,48,1
39,2026-09-19 20:52:28,2026-09-19T20:52:28.687748,39.1,tomato,FRESH,29.75,77.74,950.29,31408,19484,50,1
40,2026-09-19 20:52:29,2026-09-19T20:52:29.743094,40.2,tomato,FRESH,29.74,77.73,950.29,31409,19461,52,1
41,2026-09-19 20:52:30,2026-09-19T20:52:30.797909,41.2,tomato,FRESH,29.75,77.71,950.31,31409,19451,54,1
42,2026-09-19 20:52:31,2026-09-19T20:52:31.852915,42.3,tomato,FRESH,29.75,77.69,950.32,31406,19433,56,1
43,2026-09-19 20:52:32,2026-09-19T20:52:32.907910,43.3,tomato,FRESH,29.75,77.65,950.31,31415,19416,58,1
44,2026-09-19 20:52:33,2026-09-19T20:52:33.963312,44.4,tomato,FRESH,29.75,77.64,950.30,31415,19402,59,1
45,2026-09-19 20:52:35,2026-09-19T20:52:35.018802,45.4,tomato,FRESH,29.75,77.63,950.31,31413,19387,61,1
46,2026-09-19 20:52:36,2026-09-19T20:52:36.073197,46.5,tomato,FRESH,29.75,77.63,950.29,31412,19369,62,1
47,2026-09-19 20:52:37,2026-09-19T20:52:37.127998,47.5,tomato,FRESH,29.76,77.61,950.28,31413,19373,64,1
48,2026-09-19 20:52:38,2026-09-19T20:52:38.182933,48.6,tomato,FRESH,29.76,77.63,950.30,31415,19346,65,1
49,2026-09-19 20:52:39,2026-09-19T20:52:39.238221,49.7,tomato,FRESH,29.76,77.63,950.29,31420,19331,66,1
50,2026-09-19 20:52:40,2026-09-19T20:52:40.293209,50.7,tomato,FRESH,29.77,77.63,950.29,31423,19321,67,1
51,2026-09-19 20:52:41,2026-09-19T20:52:41.348246,51.8,tomato,FRESH,29.77,77.62,950.30,31414,19304,68,1
52,2026-09-19 20:52:42,2026-09-19T20:52:42.403262,52.8,tomato,FRESH,29.77,77.61,950.30,31421,19300,70,1
53,2026-09-19 20:52:43,2026-09-19T20:52:43.457923,53.9,tomato,FRESH,29.77,77.61,950.31,31413,19286,71,1
54,2026-09-19 20:52:44,2026-09-19T20:52:44.512607,54.9,tomato,FRESH,29.77,77.61,950.30,31418,19273,72,1
55,2026-09-19 20:52:45,2026-09-19T20:52:45.568494,56.0,tomato,FRESH,29.78,77.62,950.33,31423,19271,73,1
56,2026-09-19 20:52:46,2026-09-19T20:52:46.622974,57.0,tomato,FRESH,29.77,77.64,950.28,31410,19248,74,1
57,2026-09-19 20:52:47,2026-09-19T20:52:47.677746,58.1,tomato,FRESH,29.78,77.64,950.32,31416,19239,75,1
58,2026-09-19 20:52:48,2026-09-19T20:52:48.732811,59.1,tomato,FRESH,29.78,77.64,950.32,31416,19221,76,1
59,2026-09-19 20:52:49,2026-09-19T20:52:49.787919,60.2,tomato,FRESH,29.78,77.64,950.31,31415,19217,77,1
60,2026-09-19 20:52:50,2026-09-19T20:52:50.842851,61.3,tomato,FRESH,29.78,77.64,950.32,31421,19202,77,1
61,2026-09-19 20:52:51,2026-09-19T20:52:51.898156,62.3,tomato,FRESH,29.79,77.58,950.29,31416,19192,78,1
62,2026-09-19 20:52:52,2026-09-19T20:52:52.953363,63.4,tomato,FRESH,29.78,77.54,950.32,31417,19189,79,1
63,2026-09-19 20:52:54,2026-09-19T20:52:54.008193,64.4,tomato,FRESH,29.78,77.50,950.29,31409,19164,80,1
64,2026-09-19 20:52:55,2026-09-19T20:52:55.063275,65.5,tomato,FRESH,29.78,77.44,950.32,31418,19153,81,1
65,2026-09-19 20:52:56,2026-09-19T20:52:56.118231,66.5,tomato,FRESH,29.79,77.38,950.32,31427,19147,81,1
66,2026-09-19 20:52:57,2026-09-19T20:52:57.172687,67.6,tomato,FRESH,29.79,77.33,950.31,31420,19132,82,1
67,2026-09-19 20:52:58,2026-09-19T20:52:58.228300,68.6,tomato,FRESH,29.79,77.27,950.31,31432,19122,82,1
68,2026-09-19 20:52:59,2026-09-19T20:52:59.282981,69.7,tomato,FRESH,29.79,77.23,950.33,31428,19110,83,1
69,2026-09-19 20:53:00,2026-09-19T20:53:00.337834,70.8,tomato,FRESH,29.79,77.17,950.32,31432,19105,83,1
70,2026-09-19 20:53:01,2026-09-19T20:53:01.392909,71.8,tomato,FRESH,29.78,77.17,950.33,31443,19104,83,1
71,2026-09-19 20:53:02,2026-09-19T20:53:02.447975,72.9,tomato,FRESH,29.79,77.14,950.32,31443,19083,84,1
72,2026-09-19 20:53:03,2026-09-19T20:53:03.503305,73.9,tomato,FRESH,29.79,77.14,950.33,31446,19074,84,1
73,2026-09-19 20:53:04,2026-09-19T20:53:04.558097,75.0,tomato,FRESH,29.79,77.13,950.32,31445,19066,84,1
74,2026-09-19 20:53:05,2026-09-19T20:53:05.613177,76.0,tomato,FRESH,29.79,77.13,950.29,31445,19063,84,1
75,2026-09-19 20:53:06,2026-09-19T20:53:06.667614,77.1,tomato,FRESH,29.79,77.13,950.30,31449,19055,84,1
76,2026-09-19 20:53:07,2026-09-19T20:53:07.722756,78.1,tomato,FRESH,29.79,77.14,950.30,31450,19051,84,1
77,2026-09-19 20:53:08,2026-09-19T20:53:08.777847,79.2,tomato,FRESH,29.79,77.13,950.28,31443,19040,85,1
78,2026-09-19 20:53:09,2026-09-19T20:53:09.833366,80.2,tomato,FRESH,29.79,77.13,950.30,31439,19031,85,1
79,2026-09-19 20:53:10,2026-09-19T20:53:10.887993,81.3,tomato,FRESH,29.79,77.12,950.33,31443,19021,86,1
80,2026-09-19 20:53:11,2026-09-19T20:53:11.943223,82.4,tomato,FRESH,29.80,77.11,950.31,31444,19015,86,1
81,2026-09-19 20:53:12,2026-09-19T20:53:12.997630,83.4,tomato,FRESH,29.79,77.10,950.31,31451,19003,86,1
82,2026-09-19 20:53:14,2026-09-19T20:53:14.053369,84.5,tomato,FRESH,29.80,77.09,950.31,31445,19000,86,1
83,2026-09-19 20:53:15,2026-09-19T20:53:15.107867,85.5,tomato,FRESH,29.80,77.09,950.32,31438,18986,87,1
84,2026-09-19 20:53:16,2026-09-19T20:53:16.162641,86.6,tomato,FRESH,29.80,77.07,950.33,31432,18982,87,1
85,2026-09-19 20:53:17,2026-09-19T20:53:17.218181,87.6,tomato,FRESH,29.80,77.07,950.31,31451,18971,87,1
86,2026-09-19 20:53:18,2026-09-19T20:53:18.302123,88.7,tomato,FRESH,29.80,77.06,950.30,31434,18963,88,1
87,2026-09-19 20:53:19,2026-09-19T20:53:19.327813,89.7,tomato,FRESH,29.80,77.08,950.34,31437,18957,88,1
88,2026-09-19 20:53:20,2026-09-19T20:53:20.383123,90.8,tomato,FRESH,29.80,77.09,950.32,31436,18949,89,1
89,2026-09-19 20:53:21,2026-09-19T20:53:21.438100,91.9,tomato,FRESH,29.80,77.09,950.31,31437,18938,89,1
90,2026-09-19 20:53:22,2026-09-19T20:53:22.493221,92.9,tomato,FRESH,29.81,77.11,950.34,31430,18941,90,1
91,2026-09-19 20:53:23,2026-09-19T20:53:23.548214,94.0,tomato,FRESH,29.80,77.11,950.33,31433,18931,90,1
92,2026-09-19 20:53:24,2026-09-19T20:53:24.602939,95.0,tomato,FRESH,29.81,77.12,950.30,31425,18929,91,1
93,2026-09-19 20:53:25,2026-09-19T20:53:25.658018,96.1,tomato,FRESH,29.81,77.13,950.34,31430,18918,91,1
94,2026-09-19 20:53:26,2026-09-19T20:53:26.713005,97.1,tomato,FRESH,29.81,77.13,950.33,31425,18910,92,1
95,2026-09-19 20:53:27,2026-09-19T20:53:27.767738,98.2,tomato,FRESH,29.81,77.15,950.32,31427,18906,92,1
96,2026-09-19 20:53:28,2026-09-19T20:53:28.823107,99.2,tomato,FRESH,29.81,77.15,950.35,31431,18895,93,1
97,2026-09-19 20:53:29,2026-09-19T20:53:29.878133,100.3,tomato,FRESH,29.81,77.17,950.35,31423,18891,93,1
98,2026-09-19 20:53:30,2026-09-19T20:53:30.932915,101.3,tomato,FRESH,29.81,77.17,950.34,31430,18881,93,1
99,2026-09-19 20:53:31,2026-09-19T20:53:31.987708,102.4,tomato,FRESH,29.81,77.18,950.33,31416,18876,94,1
100,2026-09-19 20:53:33,2026-09-19T20:53:33.043084,103.5,tomato,FRESH,29.81,77.18,950.32,31414,18873,95,1
101,2026-09-19 20:53:34,2026-09-19T20:53:34.098164,104.5,tomato,FRESH,29.82,77.18,950.33,31408,18869,95,1
102,2026-09-19 20:53:35,2026-09-19T20:53:35.152777,105.6,tomato,FRESH,29.82,77.17,950.32,31406,18861,96,1
103,2026-09-19 20:53:36,2026-09-19T20:53:36.208123,106.6,tomato,FRESH,29.81,77.17,950.33,31420,18860,96,1
104,2026-09-19 20:53:37,2026-09-19T20:53:37.262612,107.7,tomato,FRESH,29.82,77.17,950.34,31413,18847,97,1
105,2026-09-19 20:53:38,2026-09-19T20:53:38.318175,108.7,tomato,FRESH,29.82,77.16,950.31,31419,18845,97,1
106,2026-09-19 20:53:39,2026-09-19T20:53:39.373206,109.8,tomato,FRESH,29.82,77.16,950.32,31411,18835,98,1
107,2026-09-19 20:53:40,2026-09-19T20:53:40.428155,110.8,tomato,FRESH,29.82,77.16,950.32,31410,18834,98,1
108,2026-09-19 20:53:41,2026-09-19T20:53:41.482964,111.9,tomato,FRESH,29.82,77.17,950.33,31401,18819,99,1
109,2026-09-19 20:53:42,2026-09-19T20:53:42.537719,113.0,tomato,FRESH,29.82,77.17,950.32,31405,18817,99,1
110,2026-09-19 20:53:43,2026-09-19T20:53:43.593153,114.0,tomato,FRESH,29.82,77.16,950.32,31419,18817,99,1
111,2026-09-19 20:53:44,2026-09-19T20:53:44.647985,115.1,tomato,FRESH,29.82,77.17,950.32,31412,18813,99,1
112,2026-09-19 20:53:45,2026-09-19T20:53:45.703094,116.1,tomato,FRESH,29.82,77.19,950.35,31407,18799,100,1
113,2026-09-19 20:53:46,2026-09-19T20:53:46.758005,117.2,tomato,FRESH,29.82,77.17,950.31,31410,18797,100,1
114,2026-09-19 20:53:47,2026-09-19T20:53:47.813040,118.2,tomato,FRESH,29.82,77.15,950.32,31417,18796,100,1
115,2026-09-19 20:53:48,2026-09-19T20:53:48.868163,119.3,tomato,FRESH,29.82,77.14,950.34,31411,18786,100,1
116,2026-09-19 20:53:49,2026-09-19T20:53:49.923123,120.3,tomato,FRESH,29.83,77.14,950.32,31414,18781,100,1
117,2026-09-19 20:53:50,2026-09-19T20:53:50.977717,121.4,tomato,FRESH,29.82,77.11,950.33,31411,18778,101,1
118,2026-09-19 20:53:52,2026-09-19T20:53:52.032928,122.4,tomato,FRESH,29.82,77.10,950.30,31410,18776,101,1
119,2026-09-19 20:53:53,2026-09-19T20:53:53.088221,123.5,tomato,FRESH,29.83,77.10,950.33,31408,18771,101,1
120,2026-09-19 20:53:54,2026-09-19T20:53:54.142893,124.6,tomato,FRESH,29.83,77.10,950.32,31412,18766,101,1
121,2026-09-19 20:53:55,2026-09-19T20:53:55.197880,125.6,tomato,FRESH,29.82,77.11,950.33,31418,18760,101,1
122,2026-09-19 20:53:56,2026-09-19T20:53:56.252772,126.7,tomato,FRESH,29.82,77.10,950.34,31417,18752,101,1
123,2026-09-19 20:53:57,2026-09-19T20:53:57.308224,127.7,tomato,FRESH,29.82,77.10,950.32,31420,18749,101,1
124,2026-09-19 20:53:58,2026-09-19T20:53:58.363152,128.8,tomato,FRESH,29.83,77.10,950.34,31416,18746,101,1
125,2026-09-19 20:53:59,2026-09-19T20:53:59.418033,129.8,tomato,FRESH,29.83,77.12,950.35,31425,18741,101,1
126,2026-09-19 20:54:00,2026-09-19T20:54:00.472645,130.9,tomato,FRESH,29.83,77.12,950.34,31419,18741,101,1
127,2026-09-19 20:54:01,2026-09-19T20:54:01.528759,131.9,tomato,FRESH,29.83,77.14,950.30,31416,18735,101,1
128,2026-09-19 20:54:02,2026-09-19T20:54:02.582978,133.0,tomato,FRESH,29.82,77.14,950.33,31420,18729,101,1
129,2026-09-19 20:54:03,2026-09-19T20:54:03.638103,134.1,tomato,FRESH,29.83,77.14,950.35,31417,18727,101,1
130,2026-09-19 20:54:04,2026-09-19T20:54:04.693048,135.1,tomato,FRESH,29.83,77.16,950.33,31421,18718,100,1
131,2026-09-19 20:54:05,2026-09-19T20:54:05.747893,136.2,tomato,FRESH,29.82,77.14,950.32,31413,18722,101,1
132,2026-09-19 20:54:06,2026-09-19T20:54:06.802538,137.2,tomato,FRESH,29.83,77.13,950.33,31408,18710,101,1
133,2026-09-19 20:54:07,2026-09-19T20:54:07.857969,138.3,tomato,FRESH,29.83,77.12,950.32,31405,18711,101,1
134,2026-09-19 20:54:08,2026-09-19T20:54:08.912892,139.3,tomato,FRESH,29.83,77.10,950.32,31400,18709,101,1
135,2026-09-19 20:54:09,2026-09-19T20:54:09.968068,140.4,tomato,FRESH,29.83,77.09,950.30,31418,18708,101,1
136,2026-09-19 20:54:11,2026-09-19T20:54:11.022736,141.4,tomato,FRESH,29.83,77.09,950.32,31417,18699,101,1
137,2026-09-19 20:54:12,2026-09-19T20:54:12.088349,142.5,tomato,FRESH,29.83,77.08,950.32,31408,18695,101,1
138,2026-09-19 20:54:13,2026-09-19T20:54:13.132894,143.5,tomato,FRESH,29.83,77.04,950.36,31412,18688,101,1
139,2026-09-19 20:54:14,2026-09-19T20:54:14.188212,144.6,tomato,FRESH,29.83,77.03,950.35,31416,18687,101,1
140,2026-09-19 20:54:15,2026-09-19T20:54:15.242724,145.7,tomato,FRESH,29.83,77.04,950.31,31416,18679,101,1
141,2026-09-19 20:54:16,2026-09-19T20:54:16.297632,146.7,tomato,FRESH,29.83,77.04,950.33,31411,18681,101,1
142,2026-09-19 20:54:17,2026-09-19T20:54:17.352912,147.8,tomato,FRESH,29.83,77.04,950.32,31412,18680,101,1
143,2026-09-19 20:54:18,2026-09-19T20:54:18.407784,148.8,tomato,FRESH,29.84,77.02,950.34,31424,18672,101,1
144,2026-09-19 20:54:19,2026-09-19T20:54:19.463182,149.9,tomato,FRESH,29.84,76.98,950.34,31414,18669,101,1
145,2026-09-19 20:54:20,2026-09-19T20:54:20.517808,150.9,tomato,FRESH,29.83,76.96,950.30,31406,18661,101,1
146,2026-09-19 20:54:21,2026-09-19T20:54:21.572786,152.0,tomato,FRESH,29.83,76.95,950.32,31416,18664,101,1
147,2026-09-19 20:54:22,2026-09-19T20:54:22.628119,153.0,tomato,FRESH,29.83,76.94,950.32,31410,18666,101,1
148,2026-09-19 20:54:23,2026-09-19T20:54:23.682892,154.1,tomato,FRESH,29.83,76.95,950.34,31422,18655,101,1
149,2026-09-19 20:54:24,2026-09-19T20:54:24.738292,155.2,tomato,FRESH,29.83,76.97,950.35,31417,18659,101,1
150,2026-09-19 20:54:25,2026-09-19T20:54:25.797814,156.2,tomato,FRESH,29.83,77.01,950.35,31419,18655,101,1
151,2026-09-19 20:54:26,2026-09-19T20:54:26.847878,157.3,tomato,FRESH,29.83,77.06,950.31,31425,18646,101,1
152,2026-09-19 20:54:27,2026-09-19T20:54:27.902977,158.3,tomato,FRESH,29.83,77.09,950.32,31423,18642,100,1
153,2026-09-19 20:54:28,2026-09-19T20:54:28.958109,159.4,tomato,FRESH,29.83,77.13,950.31,31418,18645,100,1
154,2026-09-19 20:54:30,2026-09-19T20:54:30.012720,160.4,tomato,FRESH,29.83,77.16,950.31,31419,18641,100,1
155,2026-09-19 20:54:31,2026-09-19T20:54:31.068053,161.5,tomato,FRESH,29.83,77.20,950.32,31411,18638,100,1
156,2026-09-19 20:54:32,2026-09-19T20:54:32.122598,162.5,tomato,FRESH,29.83,77.26,950.32,31408,18644,101,1
157,2026-09-19 20:54:33,2026-09-19T20:54:33.178871,163.6,tomato,FRESH,29.83,77.32,950.33,31408,18637,101,1
158,2026-09-19 20:54:34,2026-09-19T20:54:34.233047,164.6,tomato,FRESH,29.84,77.38,950.35,31400,18639,101,1
159,2026-09-19 20:54:35,2026-09-19T20:54:35.288377,165.7,tomato,FRESH,29.83,77.39,950.34,31408,18637,101,1
160,2026-09-19 20:54:36,2026-09-19T20:54:36.342706,166.8,tomato,FRESH,29.83,77.40,950.34,31407,18637,101,1
161,2026-09-19 20:54:37,2026-09-19T20:54:37.397847,167.8,tomato,FRESH,29.83,77.38,950.33,31394,18623,102,1
162,2026-09-19 20:54:38,2026-09-19T20:54:38.452956,168.9,tomato,FRESH,29.83,77.37,950.34,31400,18624,102,1
163,2026-09-19 20:54:39,2026-09-19T20:54:39.508124,169.9,tomato,FRESH,29.83,77.35,950.32,31389,18619,102,1
164,2026-09-19 20:54:40,2026-09-19T20:54:40.562436,171.0,tomato,FRESH,29.83,77.37,950.31,31400,18620,102,1
165,2026-09-19 20:54:41,2026-09-19T20:54:41.617747,172.0,tomato,FRESH,29.83,77.37,950.32,31392,18612,103,1
166,2026-09-19 20:54:42,2026-09-19T20:54:42.672573,173.1,tomato,FRESH,29.83,77.28,950.32,31404,18609,103,1
167,2026-09-19 20:54:43,2026-09-19T20:54:43.727749,174.1,tomato,FRESH,29.83,77.10,950.32,31404,18599,103,1
168,2026-09-19 20:54:44,2026-09-19T20:54:44.782901,175.2,tomato,FRESH,29.82,76.94,950.31,31396,18590,103,1
169,2026-09-19 20:54:45,2026-09-19T20:54:45.837699,176.3,tomato,FRESH,29.83,76.88,950.32,31418,18597,103,1
170,2026-09-19 20:54:46,2026-09-19T20:54:46.892611,177.3,tomato,FRESH,29.82,76.90,950.31,31415,18589,102,1
171,2026-09-19 20:54:47,2026-09-19T20:54:47.947895,178.4,tomato,FRESH,29.82,76.95,950.32,31418,18594,102,1
172,2026-09-19 20:54:49,2026-09-19T20:54:49.002534,179.4,tomato,FRESH,29.82,77.01,950.33,31430,18590,102,1
173,2026-09-19 20:54:50,2026-09-19T20:54:50.057568,180.5,tomato,FRESH,29.82,77.05,950.32,31432,18595,101,1
174,2026-09-19 20:54:51,2026-09-19T20:54:51.112523,181.5,tomato,FRESH,29.82,77.07,950.34,31439,18585,100,1
175,2026-09-19 20:54:52,2026-09-19T20:54:52.167568,182.6,tomato,FRESH,29.83,77.01,950.37,31425,18590,100,1
176,2026-09-19 20:54:53,2026-09-19T20:54:53.222868,183.6,tomato,FRESH,29.83,76.96,950.35,31430,18587,100,1
177,2026-09-19 20:54:54,2026-09-19T20:54:54.277474,184.7,tomato,FRESH,29.82,76.90,950.34,31430,18579,100,1
178,2026-09-19 20:54:55,2026-09-19T20:54:55.332989,185.7,tomato,FRESH,29.82,76.84,950.33,31438,18574,99,1
179,2026-09-19 20:54:56,2026-09-19T20:54:56.389019,186.8,tomato,FRESH,29.82,76.79,950.32,31423,18574,99,1
180,2026-09-19 20:54:57,2026-09-19T20:54:57.442557,187.9,tomato,FRESH,29.82,76.72,950.33,31441,18577,99,1
181,2026-09-19 20:54:58,2026-09-19T20:54:58.497725,188.9,tomato,FRESH,29.82,76.67,950.34,31436,18564,98,1
182,2026-09-19 20:54:59,2026-09-19T20:54:59.552530,190.0,tomato,FRESH,29.82,76.64,950.36,31448,18563,98,1
183,2026-09-19 20:55:00,2026-09-19T20:55:00.607559,191.0,tomato,FRESH,29.82,76.64,950.31,31443,18567,97,1
184,2026-09-19 20:55:01,2026-09-19T20:55:01.662882,192.1,tomato,FRESH,29.82,76.60,950.35,31440,18565,97,1
185,2026-09-19 20:55:02,2026-09-19T20:55:02.718470,193.1,tomato,FRESH,29.82,76.57,950.35,31434,18562,97,1
186,2026-09-19 20:55:03,2026-09-19T20:55:03.773474,194.2,tomato,FRESH,29.82,76.51,950.34,31439,18552,97,1
187,2026-09-19 20:55:04,2026-09-19T20:55:04.828309,195.2,tomato,FRESH,29.82,76.45,950.35,31440,18558,97,1
188,2026-09-19 20:55:05,2026-09-19T20:55:05.882839,196.3,tomato,FRESH,29.82,76.40,950.33,31442,18557,96,1
189,2026-09-19 20:55:06,2026-09-19T20:55:06.937689,197.4,tomato,FRESH,29.82,76.36,950.34,31441,18543,96,1
190,2026-09-19 20:55:07,2026-09-19T20:55:07.992457,198.4,tomato,FRESH,29.82,76.31,950.32,31434,18547,96,1
191,2026-09-19 20:55:09,2026-09-19T20:55:09.047789,199.5,tomato,FRESH,29.81,76.27,950.31,31432,18542,96,1
192,2026-09-19 20:55:10,2026-09-19T20:55:10.103074,200.5,tomato,FRESH,29.81,76.20,950.33,31434,18538,96,1
193,2026-09-19 20:55:11,2026-09-19T20:55:11.158095,201.6,tomato,FRESH,29.82,76.15,950.29,31437,18535,96,1
194,2026-09-19 20:55:12,2026-09-19T20:55:12.213156,202.6,tomato,FRESH,29.82,76.10,950.32,31440,18539,96,1
195,2026-09-19 20:55:13,2026-09-19T20:55:13.267968,203.7,tomato,FRESH,29.82,76.03,950.34,31450,18531,96,1
196,2026-09-19 20:55:14,2026-09-19T20:55:14.323114,204.7,tomato,FRESH,29.82,75.98,950.32,31448,18531,96,1
197,2026-09-19 20:55:15,2026-09-19T20:55:15.378149,205.8,tomato,FRESH,29.82,75.95,950.35,31452,18522,96,1
198,2026-09-19 20:55:16,2026-09-19T20:55:16.432474,206.8,tomato,FRESH,29.82,75.92,950.33,31445,18533,96,1
199,2026-09-19 20:55:17,2026-09-19T20:55:17.487890,207.9,tomato,FRESH,29.82,75.94,950.36,31447,18523,95,1
200,2026-09-19 20:55:18,2026-09-19T20:55:18.543180,209.0,tomato,FRESH,29.82,75.95,950.37,31441,18521,95,1
201,2026-09-19 20:55:19,2026-09-19T20:55:19.597867,210.0,tomato,FRESH,29.82,75.97,950.33,31445,18521,95,1
202,2026-09-19 20:55:20,2026-09-19T20:55:20.653031,211.1,tomato,FRESH,29.82,75.96,950.34,31445,18520,95,1
203,2026-09-19 20:55:21,2026-09-19T20:55:21.708183,212.1,tomato,FRESH,29.82,75.98,950.32,31457,18522,95,1
204,2026-09-19 20:55:22,2026-09-19T20:55:22.762912,213.2,tomato,FRESH,29.82,76.00,950.32,31444,18514,95,1
205,2026-09-19 20:55:23,2026-09-19T20:55:23.817844,214.2,tomato,FRESH,29.82,76.00,950.29,31446,18516,95,1
206,2026-09-19 20:55:24,2026-09-19T20:55:24.872853,215.3,tomato,FRESH,29.82,76.00,950.31,31447,18511,95,1
207,2026-09-19 20:55:25,2026-09-19T20:55:25.928674,216.3,tomato,FRESH,29.83,76.00,950.33,31445,18513,95,1
208,2026-09-19 20:55:26,2026-09-19T20:55:26.982902,217.4,tomato,FRESH,29.82,76.00,950.35,31443,18501,95,1
209,2026-09-19 20:55:28,2026-09-19T20:55:28.037805,218.5,tomato,FRESH,29.82,76.01,950.31,31439,18506,96,1
210,2026-09-19 20:55:29,2026-09-19T20:55:29.093164,219.5,tomato,FRESH,29.83,76.00,950.34,31433,18511,96,1
211,2026-09-19 20:55:30,2026-09-19T20:55:30.147488,220.6,tomato,FRESH,29.82,76.01,950.32,31445,18509,96,1
212,2026-09-19 20:55:31,2026-09-19T20:55:31.205166,221.6,tomato,FRESH,29.82,76.03,950.32,31421,18496,96,1
213,2026-09-19 20:55:32,2026-09-19T20:55:32.257535,222.7,tomato,FRESH,29.83,76.02,950.35,31438,18500,97,1
214,2026-09-19 20:55:33,2026-09-19T20:55:33.312697,223.7,tomato,FRESH,29.82,76.01,950.31,31427,18499,97,1
215,2026-09-19 20:55:34,2026-09-19T20:55:34.367837,224.8,tomato,FRESH,29.83,76.00,950.32,31425,18497,97,1
216,2026-09-19 20:55:35,2026-09-19T20:55:35.422433,225.8,tomato,FRESH,29.83,75.98,950.31,31425,18498,98,1
217,2026-09-19 20:55:36,2026-09-19T20:55:36.477751,226.9,tomato,FRESH,29.83,75.97,950.35,31421,18489,98,1
218,2026-09-19 20:55:37,2026-09-19T20:55:37.532887,227.9,tomato,FRESH,29.83,75.97,950.33,31430,18493,98,1
219,2026-09-19 20:55:38,2026-09-19T20:55:38.588147,229.0,tomato,FRESH,29.83,75.96,950.34,31421,18489,99,1
220,2026-09-19 20:55:39,2026-09-19T20:55:39.642479,230.1,tomato,FRESH,29.83,75.96,950.34,31423,18487,99,1
221,2026-09-19 20:55:40,2026-09-19T20:55:40.697596,231.1,tomato,FRESH,29.83,75.97,950.33,31428,18489,99,1
222,2026-09-19 20:55:41,2026-09-19T20:55:41.753162,232.2,tomato,FRESH,29.83,75.97,950.35,31433,18483,99,1
223,2026-09-19 20:55:42,2026-09-19T20:55:42.807585,233.2,tomato,FRESH,29.83,75.98,950.37,31430,18483,99,1
224,2026-09-19 20:55:43,2026-09-19T20:55:43.862408,234.3,tomato,FRESH,29.83,75.98,950.34,31427,18487,100,1
225,2026-09-19 20:55:44,2026-09-19T20:55:44.917516,235.3,tomato,FRESH,29.83,75.96,950.32,31436,18487,99,1
226,2026-09-19 20:55:45,2026-09-19T20:55:45.972684,236.4,tomato,FRESH,29.83,75.94,950.32,31430,18483,100,1
227,2026-09-19 20:55:47,2026-09-19T20:55:47.027582,237.4,tomato,FRESH,29.84,75.95,950.33,31427,18486,100,1
228,2026-09-19 20:55:48,2026-09-19T20:55:48.082647,238.5,tomato,FRESH,29.84,75.92,950.36,31432,18479,100,1
229,2026-09-19 20:55:49,2026-09-19T20:55:49.138145,239.6,tomato,FRESH,29.83,75.90,950.35,31431,18476,100,1
230,2026-09-19 20:55:50,2026-09-19T20:55:50.192492,240.6,tomato,FRESH,29.83,75.90,950.35,31424,18466,100,1
231,2026-09-19 20:55:51,2026-09-19T20:55:51.247879,241.7,tomato,FRESH,29.84,75.88,950.35,31425,18470,100,1
232,2026-09-19 20:55:52,2026-09-19T20:55:52.302652,242.7,tomato,FRESH,29.84,75.87,950.32,31421,18467,100,1
233,2026-09-19 20:55:53,2026-09-19T20:55:53.357638,243.8,tomato,FRESH,29.83,75.85,950.34,31430,18470,100,1
234,2026-09-19 20:55:54,2026-09-19T20:55:54.412517,244.8,tomato,FRESH,29.83,75.85,950.35,31435,18466,100,1
235,2026-09-19 20:55:55,2026-09-19T20:55:55.467863,245.9,tomato,FRESH,29.83,75.84,950.35,31437,18467,100,1
236,2026-09-19 20:55:56,2026-09-19T20:55:56.523012,246.9,tomato,FRESH,29.83,75.87,950.37,31429,18458,100,1
237,2026-09-19 20:55:57,2026-09-19T20:55:57.577646,248.0,tomato,FRESH,29.83,75.83,950.33,31427,18456,100,1
238,2026-09-19 20:55:58,2026-09-19T20:55:58.632803,249.0,tomato,FRESH,29.83,75.82,950.33,31431,18455,100,1
239,2026-09-19 20:55:59,2026-09-19T20:55:59.687859,250.1,tomato,FRESH,29.83,75.82,950.33,31429,18460,100,1
240,2026-09-19 20:56:00,2026-09-19T20:56:00.743221,251.2,tomato,FRESH,29.83,75.81,950.36,31431,18465,100,1
241,2026-09-19 20:56:01,2026-09-19T20:56:01.797837,252.2,tomato,FRESH,29.83,75.82,950.34,31437,18456,100,1
242,2026-09-19 20:56:02,2026-09-19T20:56:02.852745,253.3,tomato,FRESH,29.83,75.84,950.35,31432,18458,100,1
243,2026-09-19 20:56:03,2026-09-19T20:56:03.907725,254.3,tomato,FRESH,29.83,75.87,950.32,31435,18452,100,1
244,2026-09-19 20:56:04,2026-09-19T20:56:04.963053,255.4,tomato,FRESH,29.83,75.87,950.34,31422,18451,100,1
245,2026-09-19 20:56:06,2026-09-19T20:56:06.017877,256.4,tomato,FRESH,29.83,75.87,950.35,31438,18448,100,1
246,2026-09-19 20:56:07,2026-09-19T20:56:07.073073,257.5,tomato,FRESH,29.83,75.87,950.35,31418,18451,100,1
247,2026-09-19 20:56:08,2026-09-19T20:56:08.128426,258.5,tomato,FRESH,29.83,75.88,950.35,31433,18450,100,1
248,2026-09-19 20:56:09,2026-09-19T20:56:09.182972,259.6,tomato,FRESH,29.83,75.90,950.32,31422,18451,101,1
249,2026-09-19 20:56:10,2026-09-19T20:56:10.237518,260.7,tomato,FRESH,29.83,75.92,950.35,31421,18443,101,1
250,2026-09-19 20:56:11,2026-09-19T20:56:11.293158,261.7,tomato,FRESH,29.83,75.92,950.35,31425,18450,101,1
251,2026-09-19 20:56:12,2026-09-19T20:56:12.347843,262.8,tomato,FRESH,29.83,75.95,950.35,31419,18443,101,1
252,2026-09-19 20:56:13,2026-09-19T20:56:13.402694,263.8,tomato,FRESH,29.83,75.94,950.35,31423,18444,101,1
253,2026-09-19 20:56:14,2026-09-19T20:56:14.458092,264.9,tomato,FRESH,29.84,75.94,950.34,31424,18448,101,1
254,2026-09-19 20:56:15,2026-09-19T20:56:15.512807,265.9,tomato,FRESH,29.83,75.92,950.31,31420,18440,101,1
255,2026-09-19 20:56:16,2026-09-19T20:56:16.567788,267.0,tomato,FRESH,29.83,75.91,950.33,31420,18443,101,1
256,2026-09-19 20:56:17,2026-09-19T20:56:17.623117,268.0,tomato,FRESH,29.83,75.91,950.34,31421,18438,101,1
257,2026-09-19 20:56:18,2026-09-19T20:56:18.678004,269.1,tomato,FRESH,29.83,75.90,950.34,31426,18443,101,1
258,2026-09-19 20:56:19,2026-09-19T20:56:19.732401,270.1,tomato,FRESH,29.83,75.89,950.32,31422,18440,102,1
259,2026-09-19 20:56:20,2026-09-19T20:56:20.787896,271.2,tomato,FRESH,29.84,75.87,950.32,31426,18431,101,1
260,2026-09-19 20:56:21,2026-09-19T20:56:21.842765,272.3,tomato,FRESH,29.83,75.85,950.33,31429,18429,101,1
261,2026-09-19 20:56:22,2026-09-19T20:56:22.897398,273.3,tomato,FRESH,29.83,75.81,950.32,31426,18430,101,1
262,2026-09-19 20:56:23,2026-09-19T20:56:23.952449,274.4,tomato,FRESH,29.83,75.76,950.34,31429,18432,101,1
263,2026-09-19 20:56:25,2026-09-19T20:56:25.007419,275.4,tomato,FRESH,29.83,75.75,950.35,31431,18426,101,1
264,2026-09-19 20:56:26,2026-09-19T20:56:26.062472,276.5,tomato,FRESH,29.83,75.72,950.33,31423,18427,101,1
265,2026-09-19 20:56:27,2026-09-19T20:56:27.117809,277.5,tomato,FRESH,29.83,75.69,950.35,31431,18417,101,1
266,2026-09-19 20:56:28,2026-09-19T20:56:28.172539,278.6,tomato,FRESH,29.83,75.70,950.37,31426,18423,101,1
267,2026-09-19 20:56:29,2026-09-19T20:56:29.227847,279.6,tomato,FRESH,29.83,75.73,950.36,31431,18428,101,1
268,2026-09-19 20:56:30,2026-09-19T20:56:30.282950,280.7,tomato,FRESH,29.83,75.71,950.32,31435,18421,101,1
269,2026-09-19 20:56:31,2026-09-19T20:56:31.337873,281.8,tomato,FRESH,29.83,75.75,950.34,31427,18420,101,1
270,2026-09-19 20:56:32,2026-09-19T20:56:32.392703,282.8,tomato,FRESH,29.83,75.75,950.32,31429,18419,101,1
271,2026-09-19 20:56:33,2026-09-19T20:56:33.447928,283.9,tomato,FRESH,29.83,75.78,950.33,31431,18421,101,1
272,2026-09-19 20:56:34,2026-09-19T20:56:34.502939,284.9,tomato,FRESH,29.83,75.81,950.31,31426,18421,101,1
273,2026-09-19 20:56:35,2026-09-19T20:56:35.557766,286.0,tomato,FRESH,29.83,75.83,950.31,31432,18418,100,1
274,2026-09-19 20:56:36,2026-09-19T20:56:36.612863,287.0,tomato,FRESH,29.83,75.84,950.35,31424,18419,101,1
275,2026-09-19 20:56:37,2026-09-19T20:56:37.667943,288.1,tomato,FRESH,29.83,75.87,950.33,31425,18420,101,1
276,2026-09-19 20:56:38,2026-09-19T20:56:38.723093,289.1,tomato,FRESH,29.83,75.89,950.31,31431,18415,101,1
277,2026-09-19 20:56:39,2026-09-19T20:56:39.777781,290.2,tomato,FRESH,29.83,75.90,950.32,31424,18418,101,1
278,2026-09-19 20:56:40,2026-09-19T20:56:40.832817,291.2,tomato,FRESH,29.84,75.91,950.33,31420,18409,101,1
279,2026-09-19 20:56:41,2026-09-19T20:56:41.887729,292.3,tomato,FRESH,29.83,75.92,950.33,31424,18415,101,1
280,2026-09-19 20:56:42,2026-09-19T20:56:42.942783,293.4,tomato,FRESH,29.83,75.92,950.34,31417,18416,101,1
281,2026-09-19 20:56:43,2026-09-19T20:56:43.997837,294.4,tomato,FRESH,29.84,75.92,950.34,31413,18415,101,1
282,2026-09-19 20:56:45,2026-09-19T20:56:45.052564,295.5,tomato,FRESH,29.84,75.94,950.37,31413,18416,101,1
283,2026-09-19 20:56:46,2026-09-19T20:56:46.107793,296.5,tomato,FRESH,29.83,75.91,950.31,31417,18413,102,1
284,2026-09-19 20:56:47,2026-09-19T20:56:47.162787,297.6,tomato,FRESH,29.83,75.91,950.32,31412,18408,102,1
285,2026-09-19 20:56:48,2026-09-19T20:56:48.218018,298.6,tomato,FRESH,29.83,75.91,950.34,31413,18409,102,1
286,2026-09-19 20:56:49,2026-09-19T20:56:49.272648,299.7,tomato,FRESH,29.83,75.88,950.35,31412,18397,102,1
287,2026-09-19 20:56:50,2026-09-19T20:56:50.327832,300.7,tomato,FRESH,29.83,75.89,950.34,31405,18407,102,1
288,2026-09-19 20:56:51,2026-09-19T20:56:51.382632,301.8,tomato,FRESH,29.83,75.91,950.32,31413,18405,103,1
289,2026-09-19 20:56:52,2026-09-19T20:56:52.437706,302.9,tomato,FRESH,29.83,75.94,950.34,31412,18406,103,1
290,2026-09-19 20:56:53,2026-09-19T20:56:53.493244,303.9,tomato,FRESH,29.83,75.95,950.34,31410,18392,103,1
291,2026-09-19 20:56:54,2026-09-19T20:56:54.547796,305.0,tomato,FRESH,29.83,75.96,950.34,31423,18401,103,1
292,2026-09-19 20:56:55,2026-09-19T20:56:55.603053,306.0,tomato,FRESH,29.83,75.97,950.34,31407,18398,103,1
293,2026-09-19 20:56:56,2026-09-19T20:56:56.657803,307.1,tomato,FRESH,29.83,75.97,950.35,31411,18405,103,1
294,2026-09-19 20:56:57,2026-09-19T20:56:57.712429,308.1,tomato,FRESH,29.83,75.98,950.36,31414,18395,103,1
295,2026-09-19 20:56:58,2026-09-19T20:56:58.767803,309.2,tomato,FRESH,29.83,75.97,950.32,31403,18397,103,1
296,2026-09-19 20:56:59,2026-09-19T20:56:59.822931,310.2,tomato,FRESH,29.83,76.02,950.31,31420,18395,103,1
297,2026-09-19 20:57:00,2026-09-19T20:57:00.878175,311.3,tomato,FRESH,29.84,76.03,950.35,31400,18393,103,1
298,2026-09-19 20:57:01,2026-09-19T20:57:01.932868,312.3,tomato,FRESH,29.84,76.02,950.34,31418,18399,103,1
299,2026-09-19 20:57:02,2026-09-19T20:57:02.987717,313.4,tomato,FRESH,29.83,76.01,950.33,31412,18399,103,1
300,2026-09-19 20:57:04,2026-09-19T20:57:04.042836,314.5,tomato,FRESH,29.83,75.97,950.33,31407,18388,103,1
301,2026-09-19 20:57:05,2026-09-19T20:57:05.097883,315.5,tomato,FRESH,29.83,75.94,950.37,31405,18390,103,1
302,2026-09-19 20:57:06,2026-09-19T20:57:06.152786,316.6,tomato,FRESH,29.83,75.91,950.34,31400,18384,103,1
303,2026-09-19 20:57:07,2026-09-19T20:57:07.208133,317.6,tomato,FRESH,29.84,75.92,950.36,31412,18390,103,1
304,2026-09-19 20:57:08,2026-09-19T20:57:08.262487,318.7,tomato,FRESH,29.83,75.94,950.35,31407,18387,103,1
305,2026-09-19 20:57:09,2026-09-19T20:57:09.317800,319.7,tomato,FRESH,29.83,75.96,950.36,31417,18383,103,1
306,2026-09-19 20:57:10,2026-09-19T20:57:10.373046,320.8,tomato,FRESH,29.83,76.00,950.33,31414,18385,103,1
307,2026-09-19 20:57:11,2026-09-19T20:57:11.427442,321.8,tomato,FRESH,29.83,76.04,950.33,31403,18378,103,1
308,2026-09-19 20:57:12,2026-09-19T20:57:12.482813,322.9,tomato,FRESH,29.83,76.08,950.34,31413,18381,103,1
309,2026-09-19 20:57:13,2026-09-19T20:57:13.537451,324.0,tomato,FRESH,29.83,76.09,950.33,31414,18383,103,1
310,2026-09-19 20:57:14,2026-09-19T20:57:14.594294,325.0,tomato,FRESH,29.84,76.09,950.35,31410,18383,103,1
311,2026-09-19 20:57:15,2026-09-19T20:57:15.647788,326.1,tomato,FRESH,29.84,76.07,950.34,31413,18383,103,1
312,2026-09-19 20:57:16,2026-09-19T20:57:16.703399,327.1,tomato,FRESH,29.83,76.06,950.33,31406,18374,103,1
313,2026-09-19 20:57:17,2026-09-19T20:57:17.757954,328.2,tomato,FRESH,29.84,76.02,950.35,31403,18380,103,1
314,2026-09-19 20:57:18,2026-09-19T20:57:18.812681,329.2,tomato,FRESH,29.84,75.98,950.35,31407,18383,103,1
315,2026-09-19 20:57:19,2026-09-19T20:57:19.868132,330.3,tomato,FRESH,29.83,75.92,950.32,31409,18380,103,1
316,2026-09-19 20:57:20,2026-09-19T20:57:20.923081,331.3,tomato,FRESH,29.83,75.88,950.32,31408,18371,103,1
317,2026-09-19 20:57:21,2026-09-19T20:57:21.977371,332.4,tomato,FRESH,29.83,75.81,950.34,31412,18367,103,1
318,2026-09-19 20:57:23,2026-09-19T20:57:23.032808,333.4,tomato,FRESH,29.83,75.75,950.34,31417,18368,103,1
319,2026-09-19 20:57:24,2026-09-19T20:57:24.087852,334.5,tomato,FRESH,29.83,75.72,950.37,31418,18367,102,1
320,2026-09-19 20:57:25,2026-09-19T20:57:25.143060,335.6,tomato,FRESH,29.83,75.70,950.36,31419,18364,102,1
321,2026-09-19 20:57:26,2026-09-19T20:57:26.197630,336.6,tomato,FRESH,29.83,75.67,950.35,31422,18359,102,1
322,2026-09-19 20:57:27,2026-09-19T20:57:27.253457,337.7,tomato,FRESH,29.83,75.64,950.33,31423,18356,102,1
323,2026-09-19 20:57:28,2026-09-19T20:57:28.307701,338.7,tomato,FRESH,29.83,75.60,950.35,31429,18362,101,1
324,2026-09-19 20:57:29,2026-09-19T20:57:29.362771,339.8,tomato,FRESH,29.83,75.57,950.35,31425,18363,101,1
325,2026-09-19 20:57:30,2026-09-19T20:57:30.417769,340.8,tomato,FRESH,29.83,75.54,950.32,31427,18360,101,1
326,2026-09-19 20:57:31,2026-09-19T20:57:31.472997,341.9,tomato,FRESH,29.83,75.48,950.36,31441,18352,100,1
327,2026-09-19 20:57:32,2026-09-19T20:57:32.527758,342.9,tomato,FRESH,29.83,75.46,950.34,31421,18349,100,1
328,2026-09-19 20:57:33,2026-09-19T20:57:33.582809,344.0,tomato,FRESH,29.83,75.44,950.35,31428,18348,100,1
329,2026-09-19 20:57:34,2026-09-19T20:57:34.638049,345.1,tomato,FRESH,29.83,75.42,950.32,31427,18351,100,1
330,2026-09-19 20:57:35,2026-09-19T20:57:35.692962,346.1,tomato,FRESH,29.83,75.41,950.34,31441,18352,99,1
331,2026-09-19 20:57:36,2026-09-19T20:57:36.747724,347.2,tomato,FRESH,29.83,75.40,950.35,31433,18349,99,1
332,2026-09-19 20:57:37,2026-09-19T20:57:37.803321,348.2,tomato,FRESH,29.83,75.44,950.34,31442,18348,99,1
333,2026-09-19 20:57:38,2026-09-19T20:57:38.858010,349.3,tomato,FRESH,29.83,75.44,950.32,31433,18352,98,1
334,2026-09-19 20:57:39,2026-09-19T20:57:39.912753,350.3,tomato,FRESH,29.83,75.41,950.32,31453,18353,98,1
335,2026-09-19 20:57:40,2026-09-19T20:57:40.968116,351.4,tomato,FRESH,29.83,75.41,950.34,31432,18346,98,1
336,2026-09-19 20:57:42,2026-09-19T20:57:42.022819,352.4,tomato,FRESH,29.83,75.41,950.35,31442,18351,98,1
337,2026-09-19 20:57:43,2026-09-19T20:57:43.078055,353.5,tomato,FRESH,29.83,75.42,950.33,31444,18347,97,1
338,2026-09-19 20:57:44,2026-09-19T20:57:44.132744,354.5,tomato,FRESH,29.83,75.41,950.32,31424,18345,97,1
339,2026-09-19 20:57:45,2026-09-19T20:57:45.188074,355.6,tomato,FRESH,29.83,75.42,950.33,31438,18350,97,1
340,2026-09-19 20:57:46,2026-09-19T20:57:46.243246,356.7,tomato,FRESH,29.83,75.44,950.33,31449,18349,97,1
341,2026-09-19 20:57:47,2026-09-19T20:57:47.297848,357.7,tomato,FRESH,29.83,75.41,950.35,31441,18345,97,1
342,2026-09-19 20:57:48,2026-09-19T20:57:48.352987,358.8,tomato,FRESH,29.83,75.39,950.34,31442,18347,97,1
343,2026-09-19 20:57:49,2026-09-19T20:57:49.407411,359.8,tomato,FRESH,29.83,75.39,950.34,31435,18349,97,1
344,2026-09-19 20:57:50,2026-09-19T20:57:50.462782,360.9,tomato,FRESH,29.83,75.39,950.35,31440,18342,97,1
345,2026-09-19 20:57:51,2026-09-19T20:57:51.517848,361.9,tomato,FRESH,29.83,75.39,950.35,31428,18342,97,1
346,2026-09-19 20:57:52,2026-09-19T20:57:52.573029,363.0,tomato,FRESH,29.83,75.38,950.34,31440,18342,97,1
347,2026-09-19 20:57:53,2026-09-19T20:57:53.627749,364.0,tomato,FRESH,29.82,75.36,950.32,31440,18341,97,1
348,2026-09-19 20:57:54,2026-09-19T20:57:54.682839,365.1,tomato,FRESH,29.83,75.38,950.34,31430,18341,97,1
349,2026-09-19 20:57:55,2026-09-19T20:57:55.738098,366.2,tomato,FRESH,29.83,75.36,950.35,31447,18338,97,1
350,2026-09-19 20:57:56,2026-09-19T20:57:56.792506,367.2,tomato,FRESH,29.83,75.36,950.36,31435,18346,97,1
351,2026-09-19 20:57:57,2026-09-19T20:57:57.847779,368.3,tomato,FRESH,29.83,75.36,950.35,31440,18343,97,1
352,2026-09-19 20:57:58,2026-09-19T20:57:58.902840,369.3,tomato,FRESH,29.83,75.38,950.36,31437,18345,97,1
353,2026-09-19 20:57:59,2026-09-19T20:57:59.958023,370.4,tomato,FRESH,29.83,75.38,950.35,31441,18341,97,1
354,2026-09-19 20:58:01,2026-09-19T20:58:01.012725,371.4,tomato,FRESH,29.83,75.39,950.33,31440,18338,97,1
355,2026-09-19 20:58:02,2026-09-19T20:58:02.067914,372.5,tomato,FRESH,29.83,75.41,950.34,31429,18334,97,1
356,2026-09-19 20:58:03,2026-09-19T20:58:03.123624,373.5,tomato,FRESH,29.83,75.42,950.37,31441,18340,97,1
357,2026-09-19 20:58:04,2026-09-19T20:58:04.177559,374.6,tomato,FRESH,29.83,75.45,950.36,31435,18341,97,1
358,2026-09-19 20:58:05,2026-09-19T20:58:05.232760,375.6,tomato,FRESH,29.82,75.48,950.36,31437,18335,97,1
359,2026-09-19 20:58:06,2026-09-19T20:58:06.287993,376.7,tomato,FRESH,29.83,75.50,950.34,31442,18336,97,1
360,2026-09-19 20:58:07,2026-09-19T20:58:07.342804,377.8,tomato,FRESH,29.83,75.53,950.34,31436,18338,97,1
361,2026-09-19 20:58:08,2026-09-19T20:58:08.397887,378.8,tomato,FRESH,29.83,75.56,950.35,31429,18337,97,1
362,2026-09-19 20:58:09,2026-09-19T20:58:09.452785,379.9,tomato,FRESH,29.83,75.58,950.33,31423,18337,98,1
363,2026-09-19 20:58:10,2026-09-19T20:58:10.507735,380.9,tomato,FRESH,29.83,75.58,950.36,31423,18335,98,1
364,2026-09-19 20:58:11,2026-09-19T20:58:11.562597,382.0,tomato,FRESH,29.83,75.63,950.34,31424,18340,98,1
365,2026-09-19 20:58:12,2026-09-19T20:58:12.617708,383.0,tomato,FRESH,29.83,75.67,950.32,31421,18337,99,1
366,2026-09-19 20:58:13,2026-09-19T20:58:13.673024,384.1,tomato,FRESH,29.83,75.69,950.35,31422,18336,99,1
367,2026-09-19 20:58:14,2026-09-19T20:58:14.728213,385.1,tomato,FRESH,29.83,75.70,950.35,31415,18335,99,1
368,2026-09-19 20:58:15,2026-09-19T20:58:15.782675,386.2,tomato,FRESH,29.83,75.69,950.36,31417,18333,100,1
369,2026-09-19 20:58:16,2026-09-19T20:58:16.837541,387.3,tomato,FRESH,29.83,75.69,950.35,31416,18334,100,1
370,2026-09-19 20:58:17,2026-09-19T20:58:17.892901,388.3,tomato,FRESH,29.83,75.66,950.35,31425,18338,100,1
371,2026-09-19 20:58:18,2026-09-19T20:58:18.947506,389.4,tomato,FRESH,29.83,75.69,950.37,31415,18336,100,1
372,2026-09-19 20:58:20,2026-09-19T20:58:20.003343,390.4,tomato,FRESH,29.83,75.67,950.36,31407,18329,101,1
373,2026-09-19 20:58:21,2026-09-19T20:58:21.057965,391.5,tomato,FRESH,29.83,75.69,950.35,31410,18328,101,1
374,2026-09-19 20:58:22,2026-09-19T20:58:22.112437,392.5,tomato,FRESH,29.83,75.67,950.38,31418,18327,101,1
375,2026-09-19 20:58:23,2026-09-19T20:58:23.167819,393.6,tomato,FRESH,29.83,75.66,950.36,31423,18328,101,1
376,2026-09-19 20:58:24,2026-09-19T20:58:24.222994,394.6,tomato,FRESH,29.83,75.67,950.36,31416,18330,101,1
377,2026-09-19 20:58:25,2026-09-19T20:58:25.277809,395.7,tomato,FRESH,29.83,75.72,950.35,31407,18330,102,1
378,2026-09-19 20:58:26,2026-09-19T20:58:26.332602,396.7,tomato,FRESH,29.84,75.73,950.37,31411,18325,102,1
379,2026-09-19 20:58:27,2026-09-19T20:58:27.387652,397.8,tomato,FRESH,29.83,75.76,950.38,31416,18325,102,1
380,2026-09-19 20:58:28,2026-09-19T20:58:28.443355,398.9,tomato,FRESH,29.83,75.79,950.39,31416,18330,102,1
381,2026-09-19 20:58:29,2026-09-19T20:58:29.497897,399.9,tomato,FRESH,29.83,75.82,950.35,31415,18328,102,1
382,2026-09-19 20:58:30,2026-09-19T20:58:30.553458,401.0,tomato,FRESH,29.83,75.84,950.36,31402,18328,103,1
383,2026-09-19 20:58:31,2026-09-19T20:58:31.607719,402.0,tomato,FRESH,29.83,75.87,950.37,31405,18325,103,1
384,2026-09-19 20:58:32,2026-09-19T20:58:32.662666,403.1,tomato,FRESH,29.83,75.89,950.37,31406,18328,103,1
385,2026-09-19 20:58:33,2026-09-19T20:58:33.717553,404.1,tomato,FRESH,29.83,75.90,950.37,31392,18323,104,1
386,2026-09-19 20:58:34,2026-09-19T20:58:34.772914,405.2,tomato,FRESH,29.83,75.90,950.38,31395,18320,104,1
387,2026-09-19 20:58:35,2026-09-19T20:58:35.828142,406.2,tomato,FRESH,29.83,75.89,950.35,31406,18321,104,1
388,2026-09-19 20:58:36,2026-09-19T20:58:36.882651,407.3,tomato,FRESH,29.83,75.87,950.38,31405,18321,104,1
389,2026-09-19 20:58:37,2026-09-19T20:58:37.938011,408.4,tomato,FRESH,29.83,75.85,950.37,31403,18325,104,1
390,2026-09-19 20:58:38,2026-09-19T20:58:38.993581,409.4,tomato,FRESH,29.83,75.82,950.33,31395,18315,104,1
391,2026-09-19 20:58:40,2026-09-19T20:58:40.047781,410.5,tomato,FRESH,29.83,75.79,950.37,31404,18317,104,1
392,2026-09-19 20:58:41,2026-09-19T20:58:41.103024,411.5,tomato,FRESH,29.83,75.76,950.37,31408,18316,104,1
393,2026-09-19 20:58:42,2026-09-19T20:58:42.157979,412.6,tomato,FRESH,29.82,75.74,950.37,31405,18314,104,1
394,2026-09-19 20:58:43,2026-09-19T20:58:43.212766,413.6,tomato,FRESH,29.82,75.73,950.35,31417,18310,104,1
395,2026-09-19 20:58:44,2026-09-19T20:58:44.268107,414.7,tomato,FRESH,29.83,75.70,950.38,31408,18308,104,1
396,2026-09-19 20:58:45,2026-09-19T20:58:45.322742,415.7,tomato,FRESH,29.83,75.72,950.37,31408,18311,104,1
397,2026-09-19 20:58:46,2026-09-19T20:58:46.378079,416.8,tomato,FRESH,29.83,75.75,950.37,31423,18311,104,1
398,2026-09-19 20:58:47,2026-09-19T20:58:47.432300,417.8,tomato,FRESH,29.83,75.76,950.35,31416,18310,103,1
399,2026-09-19 20:58:48,2026-09-19T20:58:48.487618,418.9,tomato,FRESH,29.83,75.76,950.36,31423,18314,103,1
400,2026-09-19 20:58:49,2026-09-19T20:58:49.542569,420.0,tomato,FRESH,29.82,75.76,950.36,31412,18311,103,1
401,2026-09-19 20:58:50,2026-09-19T20:58:50.597508,421.0,tomato,FRESH,29.82,75.77,950.35,31424,18304,103,1
402,2026-09-19 20:58:51,2026-09-19T20:58:51.652351,422.1,tomato,FRESH,29.83,75.78,950.39,31413,18312,103,1
403,2026-09-19 20:58:52,2026-09-19T20:58:52.707918,423.1,tomato,FRESH,29.83,75.77,950.36,31423,18307,102,1
404,2026-09-19 20:58:53,2026-09-19T20:58:53.762376,424.2,tomato,FRESH,29.83,75.73,950.36,31410,18306,102,1
405,2026-09-19 20:58:54,2026-09-19T20:58:54.817717,425.2,tomato,FRESH,29.82,75.72,950.34,31412,18302,102,1
406,2026-09-19 20:58:55,2026-09-19T20:58:55.872375,426.3,tomato,FRESH,29.82,75.68,950.37,31417,18303,102,1
407,2026-09-19 20:58:56,2026-09-19T20:58:56.927695,427.3,tomato,FRESH,29.83,75.67,950.37,31424,18304,102,1
408,2026-09-19 20:58:57,2026-09-19T20:58:57.982323,428.4,tomato,FRESH,29.82,75.68,950.37,31421,18303,102,1
409,2026-09-19 20:58:59,2026-09-19T20:58:59.037772,429.5,tomato,FRESH,29.82,75.68,950.37,31425,18304,101,1
410,2026-09-19 20:59:00,2026-09-19T20:59:00.092931,430.5,tomato,FRESH,29.82,75.70,950.37,31415,18299,101,1
411,2026-09-19 20:59:01,2026-09-19T20:59:01.147529,431.6,tomato,FRESH,29.83,75.71,950.37,31431,18301,101,1
412,2026-09-19 20:59:02,2026-09-19T20:59:02.202661,432.6,tomato,FRESH,29.83,75.73,950.39,31418,18302,101,1
413,2026-09-19 20:59:03,2026-09-19T20:59:03.257847,433.7,tomato,FRESH,29.83,75.76,950.38,31419,18309,101,1
414,2026-09-19 20:59:04,2026-09-19T20:59:04.312845,434.7,tomato,FRESH,29.82,75.78,950.37,31413,18300,101,1
415,2026-09-19 20:59:05,2026-09-19T20:59:05.367476,435.8,tomato,FRESH,29.83,75.82,950.38,31422,18304,101,1
416,2026-09-19 20:59:06,2026-09-19T20:59:06.422476,436.8,tomato,FRESH,29.83,75.88,950.38,31417,18303,101,1
417,2026-09-19 20:59:07,2026-09-19T20:59:07.477697,437.9,tomato,FRESH,29.83,75.90,950.38,31415,18302,101,1
418,2026-09-19 20:59:08,2026-09-19T20:59:08.532713,438.9,tomato,FRESH,29.83,75.90,950.36,31406,18305,101,1
419,2026-09-19 20:59:09,2026-09-19T20:59:09.587695,440.0,tomato,FRESH,29.83,75.92,950.36,31411,18301,101,1
420,2026-09-19 20:59:10,2026-09-19T20:59:10.642690,441.1,tomato,FRESH,29.83,75.92,950.36,31409,18301,101,1
421,2026-09-19 20:59:11,2026-09-19T20:59:11.698678,442.1,tomato,FRESH,29.83,75.94,950.39,31406,18299,101,1
422,2026-09-19 20:59:12,2026-09-19T20:59:12.752749,443.2,tomato,FRESH,29.83,75.96,950.41,31399,18301,102,1
423,2026-09-19 20:59:13,2026-09-19T20:59:13.807654,444.2,tomato,FRESH,29.83,75.97,950.36,31414,18298,101,1
424,2026-09-19 20:59:14,2026-09-19T20:59:14.862534,445.3,tomato,FRESH,29.83,75.96,950.34,31406,18302,102,1
425,2026-09-19 20:59:15,2026-09-19T20:59:15.917711,446.3,tomato,FRESH,29.82,75.96,950.36,31401,18303,102,1
426,2026-09-19 20:59:16,2026-09-19T20:59:16.972362,447.4,tomato,FRESH,29.83,75.96,950.40,31407,18293,102,1
427,2026-09-19 20:59:18,2026-09-19T20:59:18.027993,448.4,tomato,FRESH,29.82,75.95,950.37,31391,18296,102,1
428,2026-09-19 20:59:19,2026-09-19T20:59:19.082958,449.5,tomato,FRESH,29.83,75.95,950.38,31404,18298,102,1
429,2026-09-19 20:59:20,2026-09-19T20:59:20.137764,450.6,tomato,FRESH,29.82,75.92,950.37,31406,18294,102,1
430,2026-09-19 20:59:21,2026-09-19T20:59:21.192319,451.6,tomato,FRESH,29.82,75.94,950.37,31400,18292,102,1
431,2026-09-19 20:59:22,2026-09-19T20:59:22.248654,452.7,tomato,FRESH,29.83,75.97,950.38,31403,18292,103,1
432,2026-09-19 20:59:23,2026-09-19T20:59:23.302481,453.7,tomato,FRESH,29.82,75.98,950.37,31405,18296,103,1
433,2026-09-19 20:59:24,2026-09-19T20:59:24.357655,454.8,tomato,FRESH,29.83,76.00,950.38,31403,18292,103,1
434,2026-09-19 20:59:25,2026-09-19T20:59:25.412735,455.8,tomato,FRESH,29.83,76.02,950.39,31405,18295,103,1
435,2026-09-19 20:59:26,2026-09-19T20:59:26.467789,456.9,tomato,FRESH,29.82,76.04,950.38,31404,18290,103,1
436,2026-09-19 20:59:27,2026-09-19T20:59:27.524340,457.9,tomato,FRESH,29.82,76.08,950.39,31394,18290,103,1
437,2026-09-19 20:59:28,2026-09-19T20:59:28.577749,459.0,tomato,FRESH,29.82,76.10,950.43,31399,18290,103,1
438,2026-09-19 20:59:29,2026-09-19T20:59:29.633051,460.0,tomato,FRESH,29.82,76.14,950.40,31387,18285,103,1
439,2026-09-19 20:59:30,2026-09-19T20:59:30.687702,461.1,tomato,FRESH,29.83,76.15,950.41,31395,18286,103,1
440,2026-09-19 20:59:31,2026-09-19T20:59:31.742679,462.2,tomato,FRESH,29.82,76.17,950.40,31391,18285,104,1
441,2026-09-19 20:59:32,2026-09-19T20:59:32.797456,463.2,tomato,FRESH,29.83,76.22,950.39,31394,18292,104,1
442,2026-09-19 20:59:33,2026-09-19T20:59:33.852825,464.3,tomato,FRESH,29.82,76.23,950.38,31380,18293,104,1
443,2026-09-19 20:59:34,2026-09-19T20:59:34.907704,465.3,tomato,FRESH,29.83,76.22,950.40,31392,18291,104,1
444,2026-09-19 20:59:35,2026-09-19T20:59:35.962658,466.4,tomato,FRESH,29.83,76.22,950.40,31395,18294,104,1
445,2026-09-19 20:59:37,2026-09-19T20:59:37.017726,467.4,tomato,FRESH,29.82,76.22,950.41,31391,18292,104,1
446,2026-09-19 20:59:38,2026-09-19T20:59:38.072669,468.5,tomato,FRESH,29.82,76.22,950.36,31386,18288,104,1
447,2026-09-19 20:59:39,2026-09-19T20:59:39.127945,469.5,tomato,FRESH,29.82,76.22,950.37,31386,18278,104,1
448,2026-09-19 20:59:40,2026-09-19T20:59:40.182984,470.6,tomato,FRESH,29.82,76.22,950.39,31390,18287,104,1
449,2026-09-19 20:59:41,2026-09-19T20:59:41.237778,471.7,tomato,FRESH,29.82,76.21,950.40,31379,18285,105,1
450,2026-09-19 20:59:42,2026-09-19T20:59:42.292963,472.7,tomato,FRESH,29.82,76.21,950.40,31383,18285,105,1
451,2026-09-19 20:59:43,2026-09-19T20:59:43.348652,473.8,tomato,FRESH,29.82,76.19,950.39,31395,18280,105,1
452,2026-09-19 20:59:44,2026-09-19T20:59:44.402609,474.8,tomato,FRESH,29.83,76.16,950.38,31392,18284,105,1
453,2026-09-19 20:59:45,2026-09-19T20:59:45.457885,475.9,tomato,FRESH,29.82,76.14,950.36,31395,18283,105,1
454,2026-09-19 20:59:46,2026-09-19T20:59:46.513349,476.9,tomato,FRESH,29.82,76.11,950.39,31395,18283,104,1
455,2026-09-19 20:59:47,2026-09-19T20:59:47.567577,478.0,tomato,FRESH,29.83,76.10,950.40,31395,18277,104,1
456,2026-09-19 20:59:48,2026-09-19T20:59:48.622777,479.0,tomato,FRESH,29.82,76.10,950.38,31401,18280,104,1
457,2026-09-19 20:59:49,2026-09-19T20:59:49.677935,480.1,tomato,FRESH,29.82,76.13,950.39,31402,18279,104,1
458,2026-09-19 20:59:50,2026-09-19T20:59:50.732847,481.1,tomato,FRESH,29.82,76.17,950.38,31398,18283,104,1
459,2026-09-19 20:59:51,2026-09-19T20:59:51.787555,482.2,tomato,FRESH,29.82,76.20,950.40,31402,18281,103,1
460,2026-09-19 20:59:52,2026-09-19T20:59:52.842907,483.3,tomato,FRESH,29.82,76.22,950.41,31395,18279,103,1
461,2026-09-19 20:59:53,2026-09-19T20:59:53.899025,484.3,tomato,FRESH,29.82,76.24,950.41,31402,18271,103,1
462,2026-09-19 20:59:54,2026-09-19T20:59:54.952570,485.4,tomato,FRESH,29.82,76.26,950.39,31395,18279,103,1
463,2026-09-19 20:59:56,2026-09-19T20:59:56.007723,486.4,tomato,FRESH,29.82,76.29,950.40,31389,18283,103,1
464,2026-09-19 20:59:57,2026-09-19T20:59:57.062617,487.5,tomato,FRESH,29.82,76.29,950.37,31394,18278,103,1
465,2026-09-19 20:59:58,2026-09-19T20:59:58.117847,488.5,tomato,FRESH,29.82,76.30,950.38,31391,18275,103,1
466,2026-09-19 20:59:59,2026-09-19T20:59:59.172676,489.6,tomato,FRESH,29.82,76.31,950.37,31396,18274,103,1
467,2026-09-19 21:00:00,2026-09-19T21:00:00.227927,490.6,tomato,FRESH,29.82,76.33,950.37,31387,18281,103,1
468,2026-09-19 21:00:01,2026-09-19T21:00:01.282420,491.7,tomato,FRESH,29.82,76.30,950.40,31387,18272,103,1
469,2026-09-19 21:00:02,2026-09-19T21:00:02.337729,492.8,tomato,FRESH,29.82,76.33,950.37,31375,18274,103,1
470,2026-09-19 21:00:03,2026-09-19T21:00:03.392918,493.8,tomato,FRESH,29.82,76.33,950.39,31388,18272,103,1
471,2026-09-19 21:00:04,2026-09-19T21:00:04.447781,494.9,tomato,FRESH,29.82,76.34,950.39,31389,18281,103,1
472,2026-09-19 21:00:05,2026-09-19T21:00:05.502692,495.9,tomato,FRESH,29.82,76.35,950.38,31391,18272,103,1
473,2026-09-19 21:00:06,2026-09-19T21:00:06.558064,497.0,tomato,FRESH,29.82,76.37,950.39,31378,18277,103,1
474,2026-09-19 21:00:07,2026-09-19T21:00:07.613056,498.0,tomato,FRESH,29.82,76.41,950.40,31388,18266,103,1
475,2026-09-19 21:00:08,2026-09-19T21:00:08.667741,499.1,tomato,FRESH,29.82,76.41,950.41,31374,18271,104,1
476,2026-09-19 21:00:09,2026-09-19T21:00:09.723097,500.1,tomato,FRESH,29.82,76.43,950.40,31386,18268,104,1
477,2026-09-19 21:00:10,2026-09-19T21:00:10.778008,501.2,tomato,FRESH,29.82,76.46,950.39,31372,18272,104,1
478,2026-09-19 21:00:11,2026-09-19T21:00:11.833091,502.2,tomato,FRESH,29.82,76.45,950.39,31379,18269,104,1
479,2026-09-19 21:00:12,2026-09-19T21:00:12.887861,503.3,tomato,FRESH,29.82,76.48,950.40,31368,18268,104,1
480,2026-09-19 21:00:13,2026-09-19T21:00:13.942678,504.4,tomato,FRESH,29.82,76.50,950.39,31375,18269,104,1
481,2026-09-19 21:00:14,2026-09-19T21:00:14.998208,505.4,tomato,FRESH,29.82,76.49,950.40,31372,18271,105,1
482,2026-09-19 21:00:16,2026-09-19T21:00:16.052708,506.5,tomato,FRESH,29.82,76.50,950.40,31365,18270,105,1
483,2026-09-19 21:00:17,2026-09-19T21:00:17.107798,507.5,tomato,FRESH,29.82,76.47,950.39,31379,18261,105,1
484,2026-09-19 21:00:18,2026-09-19T21:00:18.162491,508.6,tomato,FRESH,29.82,76.45,950.38,31379,18262,105,1
485,2026-09-19 21:00:19,2026-09-19T21:00:19.217697,509.6,tomato,FRESH,29.82,76.43,950.39,31374,18265,105,1
486,2026-09-19 21:00:20,2026-09-19T21:00:20.272501,510.7,tomato,FRESH,29.82,76.41,950.40,31371,18263,105,1
487,2026-09-19 21:00:21,2026-09-19T21:00:21.327712,511.7,tomato,FRESH,29.82,76.40,950.40,31378,18263,105,1
488,2026-09-19 21:00:22,2026-09-19T21:00:22.383006,512.8,tomato,FRESH,29.82,76.39,950.39,31382,18256,105,1
489,2026-09-19 21:00:23,2026-09-19T21:00:23.437757,513.9,tomato,FRESH,29.82,76.37,950.42,31378,18260,105,1
490,2026-09-19 21:00:24,2026-09-19T21:00:24.492589,514.9,tomato,FRESH,29.81,76.35,950.39,31364,18254,105,1
491,2026-09-19 21:00:25,2026-09-19T21:00:25.547401,516.0,tomato,FRESH,29.81,76.34,950.38,31378,18258,105,1
492,2026-09-19 21:00:26,2026-09-19T21:00:26.602661,517.0,tomato,FRESH,29.82,76.34,950.38,31384,18252,104,1
493,2026-09-19 21:00:27,2026-09-19T21:00:27.657655,518.1,tomato,FRESH,29.82,76.31,950.40,31371,18257,105,1
494,2026-09-19 21:00:28,2026-09-19T21:00:28.712668,519.1,tomato,FRESH,29.81,76.33,950.38,31381,18257,104,1
495,2026-09-19 21:00:29,2026-09-19T21:00:29.767659,520.2,tomato,FRESH,29.81,76.33,950.37,31385,18253,104,1
496,2026-09-19 21:00:30,2026-09-19T21:00:30.822728,521.2,tomato,FRESH,29.81,76.33,950.41,31376,18254,104,1
497,2026-09-19 21:00:31,2026-09-19T21:00:31.877510,522.3,tomato,FRESH,29.82,76.33,950.39,31379,18256,104,1
498,2026-09-19 21:00:32,2026-09-19T21:00:32.932663,523.3,tomato,FRESH,29.81,76.31,950.38,31378,18255,104,1
499,2026-09-19 21:00:33,2026-09-19T21:00:33.987397,524.4,tomato,FRESH,29.82,76.34,950.38,31386,18252,104,1
500,2026-09-19 21:00:35,2026-09-19T21:00:35.042807,525.5,tomato,FRESH,29.82,76.36,950.40,31395,18252,103,1
501,2026-09-19 21:00:36,2026-09-19T21:00:36.097291,526.5,tomato,FRESH,29.81,76.36,950.39,31374,18255,103,1
502,2026-09-19 21:00:37,2026-09-19T21:00:37.152287,527.6,tomato,FRESH,29.81,76.40,950.40,31373,18249,103,1
503,2026-09-19 21:00:38,2026-09-19T21:00:38.207390,528.6,tomato,FRESH,29.82,76.40,950.40,31388,18249,103,1
504,2026-09-19 21:00:39,2026-09-19T21:00:39.262923,529.7,tomato,FRESH,29.82,76.41,950.41,31381,18246,103,1
505,2026-09-19 21:00:40,2026-09-19T21:00:40.317508,530.7,tomato,FRESH,29.82,76.43,950.40,31375,18247,103,1
506,2026-09-19 21:00:41,2026-09-19T21:00:41.372768,531.8,tomato,FRESH,29.82,76.47,950.40,31382,18255,103,1
507,2026-09-19 21:00:42,2026-09-19T21:00:42.427865,532.8,tomato,FRESH,29.82,76.47,950.39,31379,18255,103,1
508,2026-09-19 21:00:43,2026-09-19T21:00:43.482674,533.9,tomato,FRESH,29.82,76.48,950.41,31376,18253,103,1
509,2026-09-19 21:00:44,2026-09-19T21:00:44.537751,535.0,tomato,FRESH,29.82,76.50,950.38,31373,18250,103,1
510,2026-09-19 21:00:45,2026-09-19T21:00:45.592423,536.0,tomato,FRESH,29.82,76.52,950.41,31379,18249,103,1
511,2026-09-19 21:00:46,2026-09-19T21:00:46.648931,537.1,tomato,FRESH,29.82,76.52,950.39,31375,18248,103,1
512,2026-09-19 21:00:47,2026-09-19T21:00:47.702637,538.1,tomato,FRESH,29.82,76.52,950.44,31366,18251,103,1
513,2026-09-19 21:00:48,2026-09-19T21:00:48.757708,539.2,tomato,FRESH,29.82,76.53,950.43,31363,18248,103,1
514,2026-09-19 21:00:49,2026-09-19T21:00:49.812740,540.2,tomato,FRESH,29.82,76.55,950.40,31354,18247,103,1
515,2026-09-19 21:00:50,2026-09-19T21:00:50.867443,541.3,tomato,FRESH,29.82,76.55,950.40,31372,18243,103,1
516,2026-09-19 21:00:51,2026-09-19T21:00:51.922988,542.3,tomato,FRESH,29.82,76.55,950.40,31361,18249,104,1
517,2026-09-19 21:00:52,2026-09-19T21:00:52.977766,543.4,tomato,FRESH,29.81,76.58,950.40,31365,18244,104,1
518,2026-09-19 21:00:54,2026-09-19T21:00:54.032503,544.4,tomato,FRESH,29.82,76.59,950.41,31362,18245,104,1
519,2026-09-19 21:00:55,2026-09-19T21:00:55.088031,545.5,tomato,FRESH,29.82,76.61,950.43,31364,18246,104,1
520,2026-09-19 21:00:56,2026-09-19T21:00:56.142869,546.6,tomato,FRESH,29.82,76.60,950.40,31357,18244,104,1
521,2026-09-19 21:00:57,2026-09-19T21:00:57.197822,547.6,tomato,FRESH,29.82,76.61,950.41,31361,18242,104,1
522,2026-09-19 21:00:58,2026-09-19T21:00:58.252686,548.7,tomato,FRESH,29.82,76.62,950.43,31359,18243,104,1
523,2026-09-19 21:00:59,2026-09-19T21:00:59.307842,549.7,tomato,FRESH,29.82,76.62,950.42,31360,18244,104,1
524,2026-09-19 21:01:00,2026-09-19T21:01:00.362460,550.8,tomato,FRESH,29.82,76.63,950.41,31368,18239,104,1
525,2026-09-19 21:01:01,2026-09-19T21:01:01.417443,551.8,tomato,FRESH,29.82,76.65,950.45,31360,18240,104,1
526,2026-09-19 21:01:02,2026-09-19T21:01:02.472706,552.9,tomato,FRESH,29.82,76.64,950.41,31361,18239,104,1
527,2026-09-19 21:01:03,2026-09-19T21:01:03.527588,553.9,tomato,FRESH,29.82,76.66,950.42,31362,18241,104,1
528,2026-09-19 21:01:04,2026-09-19T21:01:04.582956,555.0,tomato,FRESH,29.82,76.67,950.43,31360,18237,104,1
529,2026-09-19 21:01:05,2026-09-19T21:01:05.637743,556.1,tomato,FRESH,29.82,76.70,950.42,31368,18234,104,1
530,2026-09-19 21:01:06,2026-09-19T21:01:06.692609,557.1,tomato,FRESH,29.82,76.71,950.43,31366,18242,104,1
531,2026-09-19 21:01:07,2026-09-19T21:01:07.747725,558.2,tomato,FRESH,29.82,76.73,950.46,31366,18238,104,1
532,2026-09-19 21:01:08,2026-09-19T21:01:08.802607,559.2,tomato,FRESH,29.82,76.77,950.45,31354,18244,104,1
533,2026-09-19 21:01:09,2026-09-19T21:01:09.857673,560.3,tomato,FRESH,29.82,76.80,950.44,31369,18240,104,1
534,2026-09-19 21:01:10,2026-09-19T21:01:10.912643,561.3,tomato,FRESH,29.82,76.82,950.43,31362,18240,104,1
535,2026-09-19 21:01:11,2026-09-19T21:01:11.967561,562.4,tomato,FRESH,29.82,76.79,950.46,31361,18238,104,1
536,2026-09-19 21:01:13,2026-09-19T21:01:13.023556,563.4,tomato,FRESH,29.82,76.79,950.43,31368,18238,104,1
537,2026-09-19 21:01:14,2026-09-19T21:01:14.077603,564.5,tomato,FRESH,29.82,76.78,950.44,31357,18240,104,1
538,2026-09-19 21:01:15,2026-09-19T21:01:15.132586,565.5,tomato,FRESH,29.81,76.77,950.41,31357,18237,104,1
539,2026-09-19 21:01:16,2026-09-19T21:01:16.187759,566.6,tomato,FRESH,29.82,76.74,950.44,31358,18236,104,1
540,2026-09-19 21:01:17,2026-09-19T21:01:17.242653,567.7,tomato,FRESH,29.82,76.73,950.43,31357,18243,104,1
541,2026-09-19 21:01:18,2026-09-19T21:01:18.298224,568.7,tomato,FRESH,29.82,76.74,950.44,31362,18231,104,1
542,2026-09-19 21:01:19,2026-09-19T21:01:19.352614,569.8,tomato,FRESH,29.82,76.74,950.44,31355,18235,104,1
543,2026-09-19 21:01:20,2026-09-19T21:01:20.407284,570.8,tomato,FRESH,29.82,76.71,950.43,31367,18234,104,1
544,2026-09-19 21:01:21,2026-09-19T21:01:21.462286,571.9,tomato,FRESH,29.82,76.70,950.42,31357,18228,104,1
545,2026-09-19 21:01:22,2026-09-19T21:01:22.517604,572.9,tomato,FRESH,29.81,76.71,950.42,31362,18235,104,1
546,2026-09-19 21:01:23,2026-09-19T21:01:23.572715,574.0,tomato,FRESH,29.81,76.72,950.44,31370,18228,103,1
547,2026-09-19 21:01:24,2026-09-19T21:01:24.627522,575.0,tomato,FRESH,29.82,76.72,950.43,31363,18234,103,1
548,2026-09-19 21:01:25,2026-09-19T21:01:25.682520,576.1,tomato,FRESH,29.82,76.71,950.44,31371,18232,103,1
549,2026-09-19 21:01:26,2026-09-19T21:01:26.737877,577.2,tomato,FRESH,29.82,76.71,950.44,31371,18229,103,1
550,2026-09-19 21:01:27,2026-09-19T21:01:27.792611,578.2,tomato,FRESH,29.82,76.72,950.44,31370,18236,103,1
551,2026-09-19 21:01:28,2026-09-19T21:01:28.847647,579.3,tomato,FRESH,29.82,76.75,950.48,31374,18234,102,1
552,2026-09-19 21:01:29,2026-09-19T21:01:29.902538,580.3,tomato,FRESH,29.83,76.75,950.46,31369,18228,102,1
553,2026-09-19 21:01:30,2026-09-19T21:01:30.957500,581.4,tomato,FRESH,29.82,76.76,950.45,31367,18227,102,1
554,2026-09-19 21:01:32,2026-09-19T21:01:32.012619,582.4,tomato,FRESH,29.82,76.77,950.45,31372,18230,102,1
555,2026-09-19 21:01:33,2026-09-19T21:01:33.067537,583.5,tomato,FRESH,29.82,76.78,950.42,31363,18225,102,1
556,2026-09-19 21:01:34,2026-09-19T21:01:34.122633,584.5,tomato,FRESH,29.83,76.78,950.44,31368,18239,102,1
557,2026-09-19 21:01:35,2026-09-19T21:01:35.177634,585.6,tomato,FRESH,29.83,76.78,950.44,31370,18225,102,1
558,2026-09-19 21:01:36,2026-09-19T21:01:36.232639,586.6,tomato,FRESH,29.83,76.83,950.47,31363,18233,102,1
559,2026-09-19 21:01:37,2026-09-19T21:01:37.287992,587.7,tomato,FRESH,29.81,76.48,950.47,31352,18219,102,1
560,2026-09-19 21:01:38,2026-09-19T21:01:38.342665,588.8,tomato,FRESH,29.80,76.24,950.46,31364,18209,102,1
561,2026-09-19 21:01:39,2026-09-19T21:01:39.398906,589.8,tomato,FRESH,29.79,76.16,950.44,31367,18212,102,1
562,2026-09-19 21:01:40,2026-09-19T21:01:40.452605,590.9,tomato,FRESH,29.79,76.19,950.47,31364,18205,102,1
563,2026-09-19 21:01:41,2026-09-19T21:01:41.507488,591.9,tomato,FRESH,29.79,76.20,950.43,31366,18209,102,1
564,2026-09-19 21:01:42,2026-09-19T21:01:42.562591,593.0,tomato,FRESH,29.79,76.12,950.44,31357,18210,102,1
565,2026-09-19 21:01:43,2026-09-19T21:01:43.617254,594.0,tomato,FRESH,29.79,75.83,950.47,31358,18204,102,1
566,2026-09-19 21:01:44,2026-09-19T21:01:44.673264,595.1,tomato,FRESH,29.78,75.30,950.46,31354,18183,102,1
567,2026-09-19 21:01:45,2026-09-19T21:01:45.727623,596.1,tomato,FRESH,29.76,74.04,950.45,31368,18148,102,1
568,2026-09-19 21:01:46,2026-09-19T21:01:46.782586,597.2,tomato,FRESH,29.75,73.84,950.45,31395,18139,101,1
569,2026-09-19 21:01:47,2026-09-19T21:01:47.837642,598.3,tomato,FRESH,29.73,72.54,950.46,31409,18112,100,1
570,2026-09-19 21:01:48,2026-09-19T21:01:48.892879,599.3,tomato,FRESH,29.71,72.07,950.46,31425,18102,99,1
571,2026-09-19 21:01:49,2026-09-19T21:01:49.947589,600.4,tomato,FRESH,29.71,71.66,950.45,31442,18085,98,1
572,2026-09-19 21:01:51,2026-09-19T21:01:51.002543,601.4,tomato,FRESH,29.70,71.68,950.44,31452,18089,97,1
573,2026-09-19 21:01:52,2026-09-19T21:01:52.057742,602.5,tomato,FRESH,29.69,71.91,950.40,31476,18099,95,1
574,2026-09-19 21:01:53,2026-09-19T21:01:53.112723,603.5,tomato,FRESH,29.68,71.13,950.43,31497,18072,94,1
575,2026-09-19 21:01:54,2026-09-19T21:01:54.167561,604.6,tomato,FRESH,29.67,70.47,950.44,31497,18059,92,1
576,2026-09-19 21:01:55,2026-09-19T21:01:55.222652,605.6,tomato,FRESH,29.66,70.17,950.44,31523,18053,91,1
577,2026-09-19 21:01:56,2026-09-19T21:01:56.277836,606.7,tomato,FRESH,29.66,70.01,950.45,31522,18058,90,1
578,2026-09-19 21:01:57,2026-09-19T21:01:57.332634,607.7,tomato,FRESH,29.65,69.76,950.44,31536,18054,89,1
579,2026-09-19 21:01:58,2026-09-19T21:01:58.387536,608.8,tomato,FRESH,29.65,69.61,950.44,31538,18048,88,1
